<?xml version="1.0"?>
<routes xmlns:xsi="http://www.w3.org/2001/XMLSchema-instance" xsi:noNamespaceSchemaLocation="urn:magento:module:Magento_Webapi:etc/webapi.xsd">
    <route url="/V1/custom/customer/:customerId" method="GET">
        <service class="CDP\Insight\Api\CustomerInterface" method="getDetail"/>
        <resources>
            <resource ref="Magento_Customer::customer"/>
        </resources>
    </route>
    <!--POST API Start-->
    <route url="/V1/custom/upd-customer" method="POST">
        <service class="CDP\Insight\Api\CustomerInterface" method="updCustomer"/>
        <resources>
            <resource ref="Magento_Customer::customer"/>
        </resources>
    </route>
</routes>