<?xml version="1.0"?>
<!--
/**
 * Copyright © 2015 Magento. All rights reserved.
 * See COPYING.txt for license details.
 */
-->
<config xmlns:xsi="http://www.w3.org/2001/XMLSchema-instance" xsi:noNamespaceSchemaLocation="urn:magento:module:Magento_Config:etc/system_file.xsd">
    <system>
        <tab id="cdp" translate="label" sortOrder="2000" class="cdp-tab">
            <label>CDP</label>
        </tab>
        <section id="cdp_backend_config" translate="label" type="text" sortOrder="0" showInDefault="1" showInWebsite="1" showInStore="1">
            <label>CDP Documentation</label>
            <tab>cdp</tab>
            <class>item-cdp-documentation</class>
            <resource>CDP_Backend::DocumentationSettings</resource>
            <group id="recommended_solutions" translate="label" sortOrder="2" showInDefault="1" showInWebsite="1" showInStore="1">
                <label>Recommended Solutions:</label>
                <frontend_model>CDP\Backend\Block\Adminhtml\System\Config\Extensions</frontend_model>
            </group>
        </section>
    </system>
</config>
