<?xml version="1.0"?>
<!--
/**
 * Copyright © 2015 Magento. All rights reserved.
 * See COPYING.txt for license details.
 */
-->
<config xmlns:xsi="http://www.w3.org/2001/XMLSchema-instance" xsi:noNamespaceSchemaLocation="urn:magento:framework:Acl/etc/acl.xsd">
    <acl>
        <resources>
            <resource id="Magento_Backend::admin" >
                <resource id="CDP_Backend::CDP" title="CDP" sortOrder="200" >
                    <resource id="CDP_Backend::CDP_Documentation" title="CDP Documentation" sortOrder="0" />
                </resource>
                <resource id="Magento_Backend::stores">
                    <resource id="Magento_Backend::stores_settings">
                        <resource id="Magento_Config::config">
                            <resource id="CDP_Backend::DocumentationSettings" title="CDP DocumentationSettings" sortOrder="0" />
                        </resource>
                    </resource>
                </resource>
            </resource>
        </resources>
    </acl>
</config>