<?xml version="1.0"?>
<config xmlns:xsi="http://www.w3.org/2001/XMLSchema-instance"
        xsi:noNamespaceSchemaLocation="urn:magento:framework:ObjectManager/etc/config.xsd">
    <type name="Magento\Customer\CustomerData\SectionPoolInterface">
        <arguments>
            <argument name="sectionSourceMap" xsi:type="array">
                <item name="ins" xsi:type="string">CDP\Insight\CustomerData\Ins</item>
            </argument>
        </arguments>
    </type>
    <type name="Magento\Framework\App\FrontController">
        <plugin name="cdp-insight-cookieset" type="CDP\Insight\Plugin\CookieManagement" sortOrder="20"/>
    </type>
</config>
