<?xml version="1.0"?>
<config xmlns:xsi="http://www.w3.org/2001/XMLSchema-instance" xsi:noNamespaceSchemaLocation="urn:magento:framework:Event/etc/events.xsd">
    <event name="core_layout_render_element">
        <observer name="cdp_insight" instance="CDP\Insight\Observer\CoreLayoutRenderElementObserver" />
    </event>
    <event name="checkout_cart_add_product_complete">
        <observer name="cdp_insight" instance="CDP\Insight\Observer\CheckoutCartAddProductObserver" />
    </event>
    <event name="sales_quote_remove_item">
        <observer name="cdp_insight" instance="CDP\Insight\Observer\SalesQuoteRemoveItemObserver" />
    </event>
    <event name="wishlist_add_product">
        <observer name="cdp_insight" instance="CDP\Insight\Observer\WishListAddProductObserver" />
    </event>
    <event name="catalog_product_compare_add_product">
        <observer name="cdp_insight" instance="CDP\Insight\Observer\CompareAddProductObserver" />
    </event>
    <event name="customer_login">
        <observer name="customer_login" instance="CDP\Insight\Observer\CustomerLoginObserver" />
    </event>
</config>

<!--        customer_data_object_login-->