<?xml version="1.0"?>
<config xmlns:xsi="http://www.w3.org/2001/XMLSchema-instance" xsi:noNamespaceSchemaLocation="urn:magento:module:Magento_Config:etc/system_file.xsd">
    <system>
        <section id="cdp_insight" translate="label" type="text" sortOrder="200" showInDefault="1" showInWebsite="1" showInStore="1">
            <label>CDP Enhanced Ecommerce</label>
            <tab>cdp</tab>
            <resource>CDP_Insight::InsightSettings</resource>
            <group id="general" translate="label" type="text" sortOrder="10" showInDefault="1" showInWebsite="1" showInStore="1">
                <label>General Configuration</label>
                <field id="enable" translate="label" type="select" sortOrder="0" showInDefault="1" showInWebsite="1" showInStore="1">
                    <label>Enable</label>
                    <source_model>Magento\Config\Model\Config\Source\Yesno</source_model>
                </field>
                <field id="portal_id" translate="label" type="text" sortOrder="20" showInDefault="1" showInWebsite="1" showInStore="1">
                    <label>Portal ID</label>
                    <depends>
                        <field id="enable">1</field>
                    </depends>
                </field>
                <field id="property_id" translate="label" type="text" sortOrder="20" showInDefault="1" showInWebsite="1" showInStore="1">
                    <label>Property ID</label>
                    <depends>
                        <field id="enable">1</field>
                    </depends>
                </field>
                <field id="link_insight" translate="label" type="text" sortOrder="20" showInDefault="1" showInWebsite="1" showInStore="1">
                    <label>Link Insight</label>
                    <depends>
                        <field id="enable">1</field>
                    </depends>
                </field>
            </group>
            <group id="identify" translate="label" type="text" sortOrder="20" showInDefault="1" showInWebsite="1" showInStore="1">
                <label>Identify Configuration</label>
                <field id="identify_enable" translate="label" type="select" sortOrder="0" showInDefault="1" showInWebsite="1" showInStore="1">
                    <label>Identify Enable</label>
                    <source_model>Magento\Config\Model\Config\Source\Yesno</source_model>
                </field>
                <field id="identify_id_title" translate="label" sortOrder="20" showInStore="0" showInWebsite="1"
                       showInDefault="1">
                    <label>Identify Id</label>
                    <frontend_model>Magento\Config\Block\System\Config\Form\Field\Heading</frontend_model>
                    <depends>
                        <field id="identify_enable">1</field>
                    </depends>
                </field>
                <field id="identify_id" translate="label" sortOrder="30" type="select" showInStore="0" showInWebsite="1"
                       showInDefault="1">
                    <label>Customer Identifier</label>
                    <source_model>CDP\Insight\Model\Config\Source\Id</source_model>
                    <depends>
                        <field id="identify_enable">1</field>
                    </depends>
                </field>
                <field id="identify_id_hash" translate="label" sortOrder="35" type="select" showInStore="0" showInWebsite="1"
                       showInDefault="1">
                    <label>Hash</label>
                    <source_model>CDP\Insight\Model\Config\Source\Hash</source_model>
                    <depends>
                        <field id="identify_enable">1</field>
                    </depends>
                </field>
                <field id="info_tracking_title" translate="label" sortOrder="40" showInStore="0" showInWebsite="1"
                       showInDefault="1">
                    <label>Setting</label>
                    <frontend_model>Magento\Config\Block\System\Config\Form\Field\Heading</frontend_model>
                    <depends>
                        <field id="identify_enable">1</field>
                    </depends>
                </field>

                <field id="info_tracking" translate="label" sortOrder="50" showInDefault="1" showInWebsite="1" showInStore="0">
                    <label>List Info</label>
                    <backend_model>CDP\Insight\Model\Config\Source\ArraySerialized</backend_model>
                    <source_model>CDP\Insight\Model\Config\Source\CustomerInfo</source_model>
                    <frontend_model>CDP\Insight\Block\Adminhtml\System\Config\Customdatafields</frontend_model>
                    <depends>
                        <field id="identify_enable">1</field>
                    </depends>
                </field>
            </group>
        </section>
    </system>
</config>
