<?xml version="1.0"?>
<config xmlns:xsi="http://www.w3.org/2001/XMLSchema-instance" xsi:noNamespaceSchemaLocation="urn:magento:framework:Acl/etc/acl.xsd">
    <acl>
        <resources>
            <resource id="Magento_Backend::admin">
                <resource id="Magento_Backend::stores">
                    <resource id="Magento_Backend::stores_settings">
                        <resource id="Magento_Config::config">
                            <resource id="CDP_Insight::InsightSettings" title="CDP Enhanced Ecommerce" sortOrder="300" />
                        </resource>
                    </resource>
                </resource>
                <resource id="CDP_Backend::CDP" >
                    <resource id="CDP_Insight::Insight_Label" sortOrder="60" title="CDP Enhanced Ecommerce" >
                        <resource id="CDP_Insight::Insight" sortOrder="10" title="CDP Enhanced Ecommerce Settings" />
                    </resource>
                </resource>
            </resource>
        </resources>
    </acl>
</config>
